Datetime,Tweet Id,Text,Username
2022-10-12 01:18:23+00:00,1580004923327991808,I joined an apocalypse cult trying to trigger the end of the world and all I got was this lousy GameStop t-shirt. https://t.co/7X0Yp4xWPE,Official_WSB
2022-10-07 13:52:38+00:00,1578382799358361604,Why don't you CDs nuts Cramer? https://t.co/ReFCdUHtQI,Official_WSB
2022-10-06 15:37:48+00:00,1578046877081255936,I guess we know whose Personal Risk Tolerance‚Ñ¢Ô∏è is bigger üòé https://t.co/4yDmiqbHoy,Official_WSB
2022-10-05 18:36:01+00:00,1577729337297702933,@elonmusk @LarckeningXuruo https://t.co/K2KGlE65mR,Official_WSB
2022-10-05 18:34:45+00:00,1577729019650244608,"It all comes full circle.

https://t.co/xtjtYEtDvh https://t.co/JvxKZbxkmR",Official_WSB
2022-10-04 18:33:03+00:00,1577366203273723931,"oh god, oh no. Powell*. 

This is what I get for cancelling Twitter Blue.",Official_WSB
2022-10-04 18:32:31+00:00,1577366067118227483,"In the infamous words of Jerome Powerll, ""Fuck your puts"" https://t.co/liP9vaz9Oi",Official_WSB
2022-10-04 16:16:39+00:00,1577331877521809409,Elon Musk to acquire $TWTR. Trading halted. https://t.co/FPHXe5GmwC,Official_WSB
2022-10-04 14:28:41+00:00,1577304704861831169,"High on the list of calls that you never want to get is ‚Äúhi, this is your bank, we just wanted to tell you that everything is fine here, how are you?‚Äù - Matt Levine https://t.co/3pOQYkl3Ij",Official_WSB
2022-10-04 00:18:34+00:00,1577090767394603008,https://t.co/HmabeqmWPx https://t.co/EZYfJs2zIt,Official_WSB
2022-10-03 17:34:21+00:00,1576989040796000256,"Should have watched #IndustryHBO to the end üòâ

[SPOILER]

Today's Credit Suisse price movement mirrors Rishi's career prospects https://t.co/cWo5SfutHZ",Official_WSB
2022-10-01 16:38:56+00:00,1576250322594721792,"Absolute banger of a beat, feat. UK's new prime minister, Elizabeth Truss https://t.co/vo5hMX8g3W",Official_WSB
2022-09-29 19:18:36+00:00,1575565726290612228,"Alright $GOOG, whatever you say. https://t.co/G2jrWzfrxc https://t.co/vei8eTNgNG",Official_WSB
2022-09-28 15:38:21+00:00,1575147910198661121,Why should Bloomberg publish high quality content like @matt_levine's newsletter when they can get straight to the point? https://t.co/sQUPiMCyu5,Official_WSB
2022-09-28 11:33:16+00:00,1575086235835854848,"This is not $LUNC, @worldofwomennft or even a @coinfessions style bagfolio. 

This is the #UK Government‚Äôs 40-yr bond.

Imagine being close to retirement &amp; buying this close to 100 in Dec last year because you were told ‚Äústocks are too risky‚Äù, and now sitting with it at 25. https://t.co/KtjBOOX55n",Official_WSB
2022-09-22 01:04:17+00:00,1572753615982571522,$SPY bby wat was u doin today,Official_WSB
2022-09-21 16:47:50+00:00,1572628680123494400,"Is @dunkindonuts secretly on Wallstreetbets?

Do they know the legend of the gourds? https://t.co/J8OXSTN3CQ",Official_WSB
2022-09-17 19:32:02+00:00,1571220453758275586,"u/MainStreetBetz made enough on spy puts that he treated himself to a thin crust pizza

https://t.co/WYuaipORR6 https://t.co/wOXjof5ODx",Official_WSB
2022-09-08 22:20:11+00:00,1568001278210605056,Such a beautiful story. Thank you @ryancohen. https://t.co/kHRWoZpBgw,Official_WSB
2022-09-08 17:47:56+00:00,1567932765894737922,"Queen Elizabeth II has Died.

https://t.co/EKK3nxdSpP

RIP. https://t.co/z8AmH6bnFi",Official_WSB
2022-09-07 05:28:16+00:00,1567384235283042306,"#IndustryHBO, S02E06

Full scene: https://t.co/KSX4MvSOmR https://t.co/szpHPxR36H",Official_WSB
2022-08-25 13:04:38+00:00,1562788039558299650,"@MKTWgoldstein This was all of three users, all of whom were banned before this article was published.",Official_WSB
2022-08-24 18:02:01+00:00,1562500489954349057,"Another million dollar $BBBY YOLO? 

How long before it becomes a billion?

https://t.co/xju8EqEifr https://t.co/yy5Ax5VFgm",Official_WSB
2022-08-24 17:55:52+00:00,1562498942977200128,"How unexpected that @FoxBusiness doesn't do their research. üôÑ

Jaime Rogozinski was kicked out of WallStreetBets and banned from Reddit a year before memestocks ever took off.

Pathetic. https://t.co/MPmUyAvyja",Official_WSB
2022-08-23 15:27:45+00:00,1562099282429222915,LET THE #NFT GAMBLING CONTINUE! https://t.co/QmI0I52fUG,Official_WSB
2022-08-22 13:01:00+00:00,1561699961389064194,The time to DRS your $GME shares is NOW. https://t.co/w3b5fdRen2,Official_WSB
2022-08-19 21:11:32+00:00,1560736246275739648,"FDIC issues cease and desist to #FTX. 

üçø

https://t.co/HVX2BEbSGD https://t.co/YNa53gp89W",Official_WSB
2022-08-19 14:36:59+00:00,1560636952830832640,Ahhh... aged like milk. https://t.co/UF6sNTCbvC,Official_WSB
2022-08-19 12:57:04+00:00,1560611807475245056,Ryan Cohen sells off $BBBY stake https://t.co/2hTJwv030X,Official_WSB
2022-08-17 18:18:09+00:00,1559967835601911810,"@RileyMallet Would love to be proven wrong ;)

@CEOAdam won't answer my DMs though",Official_WSB
2022-08-17 18:06:50+00:00,1559964988697100290,"Memestock Emoji Guide:

$GME -&gt; ü•ë

$BBBY -&gt; üçâ

$AMC -&gt; üí©",Official_WSB
2022-08-16 17:45:47+00:00,1559597303622766593,"SAY IT WITH ME: 

üëè TWENTY üëè FIVE üëè DOLLARS üëè

Spread the $BBBY discussion in the @dgenfrends discord: https://t.co/IJE2XfjUXX https://t.co/NGFBaIewqd",Official_WSB
2022-08-16 14:47:07+00:00,1559552341359136775,"$BBBY GOING PARABOLIC

WSB MEGATHREAD 

https://t.co/dPyHNmvP2O",Official_WSB
2022-08-15 06:34:22+00:00,1559065947557838848,@dt_chain üëÄ,Official_WSB
2022-08-14 00:11:06+00:00,1558607107812909063,@machibigbrother @KingBlackBored Slick af,Official_WSB
2022-08-14 00:10:04+00:00,1558606848252600320,"@Artifaction2 @cathsimard_ You make your money when you buy. 

Invest in the undervalued.",Official_WSB
2022-08-12 15:19:11+00:00,1558110858584129539,"More discussion on the $HOOD / $GME / $AMC lawsuit is taking place here:

https://t.co/QXeKaRjifT",Official_WSB
2022-08-12 15:19:10+00:00,1558110855119749125,"The full ruling against $HOOD can be found here:
 https://t.co/v5NvUnkzUd",Official_WSB
2022-08-12 15:19:10+00:00,1558110852112388096,"It's not a great look, but whatever, you basically never win Motions to Dismiss anyway, and even if you do the Court will just give Plaintiffs leave to file an Amended Complaint.""",Official_WSB
2022-08-12 15:19:09+00:00,1558110848870121472,"In Stylux's opinion, 

""This judge is overstepping a bit later on in the Order by basically making findings of fact in a motion that only concerns whether the Plaintiffs met their pleading burdens.",Official_WSB
2022-08-12 15:19:08+00:00,1558110846261383174,"2. Defendant's MTD on ¬ß 10(b) and Rule 10b-5 claims were DENIED.""",Official_WSB
2022-08-12 15:19:07+00:00,1558110841936961541,"The TL;DR of the case is:

1. Defendant's MTD on the ¬ß 9(a) claims were GRANTED as Plaintiffs failed to properly plead that Defendants misrepresented and omitted material facts for the purpose of inducing retail investors into selling their shares.",Official_WSB
2022-08-12 15:19:06+00:00,1558110838132801536,"It's a very low bar especially in federal court which only requires a short and plain statement that shows you are entitled to relief. Securities claims are viewed a little more rigorously and do require some factual allegations.""",Official_WSB
2022-08-12 15:19:05+00:00,1558110834735415298,"Stylux, quickly chimes in:

""The judge isn't supposed to be making a ruling on the merits, but simply saying that the Plaintiffs have met the burden to survive a motion to dismiss as to some of their theories of relief.",Official_WSB
2022-08-12 15:19:03+00:00,1558110824920645632,"""Judge Rules Against Robinhood in $GME / $AMC Short Squeeze Case"" writes u/moviemail

https://t.co/QXeKaRjifT",Official_WSB
2022-08-12 15:19:01+00:00,1558110815403868160,"The lawsuit against Robinhood for their role in the 2021 $GME saga has been ruled to proceed.

In this short thread, WSB comments, including highlights from our resident lawyer, Stylux.

P.S. Want more threads like this? Let us know! https://t.co/h2CCcqTvem",Official_WSB
2022-08-11 18:32:04+00:00,1557797009536520193,"SEC Investigating Melvin Capital! 

womp womp

https://t.co/mDkqYSYG7U",Official_WSB
2022-08-08 14:04:05+00:00,1556642406396723200,"HOLY MOLY $GME, $AMC, $BBBY

GET THE WORD OUT

MEMESTOCK MEGATHREADS ARE BACK

https://t.co/QY5fZh8YUT",Official_WSB
2022-08-07 22:28:03+00:00,1556406846742675456,wen $BBBY squeeze https://t.co/6i5gObi99f,Official_WSB
2022-08-06 19:03:04+00:00,1555992874176499712,@JAMESPELE5 @Don37282 @dgenfrends Ryan Cohen(?),Official_WSB
2022-08-06 15:19:48+00:00,1555936684465803264,"$45,000 -&gt; half a million, $BBBY

could have been you

Check out https://t.co/IJE2Xf2jzn, @dgenfrends https://t.co/Lx4pGMfxGA",Official_WSB
2022-08-06 15:17:47+00:00,1555936177571524608,@CapetainTrippy Vibes,Official_WSB
2022-08-05 20:56:51+00:00,1555659119213924364,"@jespow @gmail My suspicion has been that @gmail as well as Google Search decides whether your quotes are warranted or not based on the kinds of results it would return. 

Unpredictable behavior from search operators? It's a feature, not a bug.",Official_WSB
2022-08-05 19:04:05+00:00,1555630738875322369,"@turnedrepublic1 Ma'am, this is $BBBY, not the BBB",Official_WSB
2022-08-05 19:03:25+00:00,1555630574517239811,A $300K $BBBY YOLO... This better go to the moon and beyond! https://t.co/uCd7hnpISU,Official_WSB
2022-08-05 17:29:52+00:00,1555607031339433987,Going to be sleeping on a king size mattress from $BBBY soon enough https://t.co/IC2vDhEgbU,Official_WSB
2022-08-05 01:48:27+00:00,1555370115054673927,It's time for @opensea to do the right thing. https://t.co/64UHIv8Yhz,Official_WSB
2022-08-04 23:01:32+00:00,1555328110329008129,"$AMC TO ISSUE PREFERRED SHARE CALLED ""APE"" IN SPLIT.

WE LIVE IN A SIMULATION.

JOIN THE CONVERSATION: https://t.co/ygNURJiepZ",Official_WSB
2022-08-04 13:52:25+00:00,1555189920779706369,"$COIN GAINS ü§ëü§ëü§ë

CRYPTO IS BACK BABY

JOIN THE PARTY WITH @dgenfrends AT https://t.co/IJE2XfjUXX https://t.co/Dz5A1Sgzjy",Official_WSB
2022-08-04 10:36:46+00:00,1555140683966648323,"+50% on $RIDE, don't ask for the 1Y chart.

Learn more, earn more, https://t.co/IJE2XfjUXX and @dgenfrends https://t.co/5xKMwrqAKk",Official_WSB
2022-08-04 01:16:25+00:00,1554999667498356737,"Don't believe the lies.

$AMTD $HKD $GME https://t.co/bvV8wxRyWN",Official_WSB
2022-07-31 18:49:17+00:00,1553815075701620739,"r/stocks vs. r/wallstreetbets

No limits baby, https://t.co/IJE2XfjUXX https://t.co/gS6ury0Ktk",Official_WSB
2022-07-30 19:27:45+00:00,1553462368662966273,"Just got that monthly stimmy üöÄüßë‚ÄçüöÄ

Join https://t.co/IJE2XfjUXX and start stacking! https://t.co/nP9znsp723",Official_WSB
2022-07-30 17:18:43+00:00,1553429898030718980,"$100 to $18,000. One trade. $GETY

GETYours @dgenfrends, https://t.co/IJE2XfjUXX https://t.co/mqEHTeb68g",Official_WSB
2022-07-30 15:07:40+00:00,1553396917073330179,"Anyone know how to unlock this version of the Fed?

Maybe @dgenfrends? https://t.co/IJE2XfjUXX https://t.co/5FIB3fp8XJ",Official_WSB
2022-07-28 16:22:08+00:00,1552690882725519362,HOW IS $SPY ABOVE $400 https://t.co/25FhqijxZx,Official_WSB
2022-07-27 21:21:55+00:00,1552403938967801857,"Don't miss out! Last chance to claim the OG role on Discord!

üëâ Like and retweet
üëâ Follow @dgenfrends 
üëâ Join https://t.co/IJE2XfjUXX https://t.co/9HmK5xPSqM",Official_WSB
2022-07-27 19:49:55+00:00,1552380783276564488,"Oh no, Elon Musk got @notthreadguy. RIP. https://t.co/4znzVMWT5R",Official_WSB
2022-07-27 18:12:02+00:00,1552356150817030144,"A 75bps rate hike is bullish now.

https://t.co/IJE2XfjUXX https://t.co/bmDzJJBqDm",Official_WSB
2022-07-27 12:44:31+00:00,1552273727563468800,"ARK ETFs - 2022 Returns.

@CathieDWood are you okay?

Also, follow @dgenfrends for a good time. https://t.co/Q9ckt8s8zR",Official_WSB
2022-07-27 00:43:00+00:00,1552092153685458949,"Hop in discord and grab the OG role. 

https://t.co/IJE2XfjUXX

You'll be glad you did. https://t.co/ENtrelISUR",Official_WSB
2022-07-25 17:58:52+00:00,1551628060579008513,@MinisterOfNFTs @notthreadguy Right click infringers never sleep!,Official_WSB
2022-07-24 15:53:15+00:00,1551234062597201920,"""I wish we could go back to when GameStop offering 10 cents for a game was the worst thing they could do"" https://t.co/OF7jalbkCA",Official_WSB
2022-07-23 16:33:01+00:00,1550881681074262017,@franklinisbored @verified Welcome to my life,Official_WSB
2022-07-21 12:48:40+00:00,1550100448165695488,"Great move Computershill. 

We've also changed our email address from wallstreetbets@citadel.com to wallstreetbets@gamestop.com https://t.co/3fNgpHuP32",Official_WSB
2022-07-12 22:50:50+00:00,1546990497033601025,1 Euro = 1 USD https://t.co/Cd1UncOx5o,Official_WSB
2022-07-11 20:45:11+00:00,1546596485285961733,"It's time. $GME launches public beta of its NFT marketplace!

https://t.co/UDuMgufwU9",Official_WSB
2022-07-07 12:11:45+00:00,1545017726032388098,Is there a 30 day look back period for my options trades? https://t.co/4GxEriTR15,Official_WSB
2022-07-05 18:28:14+00:00,1544387694930829315,"Yeah, but in one *more* year, OpenSea can have 500x year-on-year revenue growth again! https://t.co/jmzcDDEyit",Official_WSB
2022-07-05 01:32:51+00:00,1544132165675409408,"Have you gone through more, for less? https://t.co/kK1KgeCs5G",Official_WSB
2022-07-04 22:17:11+00:00,1544082925381107715,@anishgiri Don't tire yourself out champ,Official_WSB
2022-06-30 21:42:59+00:00,1542624764774195201,"""We are here"" - JPow Edition https://t.co/h9FJz4kLQI",Official_WSB
2022-06-29 17:48:36+00:00,1542203392990363652,"Martin Shkreli AMA on r/WallStreetBets

https://t.co/i6DQTiG85o",Official_WSB
2022-06-29 12:53:08+00:00,1542129036452929541,@george_sticky @ryancohen https://t.co/4XMod5wFmp,Official_WSB
2022-06-24 21:59:24+00:00,1540454569871904770,"The era of gains is back.

https://t.co/0CsuovZ8f0 https://t.co/K0vK8Q0Pom",Official_WSB
2022-06-22 21:14:52+00:00,1539718587065274397,Just flip the chart upside down https://t.co/AbeCcVEXwg,Official_WSB
2022-06-21 23:57:30+00:00,1539397129428410369,"A true WSB YOLO. $300K to $1.4MM.

https://t.co/zfSp2F09Bb https://t.co/R0dnz13hDY",Official_WSB
2022-06-21 11:47:18+00:00,1539213364957675522,"Dear $SPCE, pleas fly again https://t.co/k3da937pz6",Official_WSB
2022-06-21 11:41:11+00:00,1539211827028058113,https://t.co/Yq7ekumpeQ,Official_WSB
2022-06-20 18:25:08+00:00,1538951097833881602,Time to replace the fed with AI,Official_WSB
2022-06-20 18:24:21+00:00,1538950901087494146,https://t.co/pjYCEcCVNo,Official_WSB
2022-06-20 15:48:42+00:00,1538911729501052929,Whoa. https://t.co/EO6ZVZpM8L,Official_WSB
2022-06-20 15:46:36+00:00,1538911200431558657,https://t.co/PxH5L649ZU,Official_WSB
2022-06-20 13:23:17+00:00,1538875133913341952,Your average $QQQ TA https://t.co/z8mCBycCts,Official_WSB
2022-06-19 23:40:15+00:00,1538668012294787072,gas prices too high https://t.co/Q8WA2Gk9O4,Official_WSB
2022-06-19 22:03:49+00:00,1538643740683907074,"I got a special surprise for whoever can pick me out at NFT NYC. 

Let's see how obvious it is.",Official_WSB
2022-06-19 16:44:18+00:00,1538563331753136128,@0xEthanDG I don't want to talk about it https://t.co/w5aLAmjb5s,Official_WSB
2022-06-19 16:24:33+00:00,1538558362920620032,"$ETH explodes to levels not seen since... 

*checks notes*

...two days ago! üöÄüöÄüöÄ https://t.co/7UxE3BtEY8",Official_WSB
2022-06-19 15:24:36+00:00,1538543278391451651,https://t.co/cCs24xYFJb,Official_WSB
2022-06-19 11:54:48+00:00,1538490477221138439,@CryptoDrippie @solendprotocol üëÄ,Official_WSB
2022-06-19 11:48:47+00:00,1538488962775490560,"Haven't seen anyone talk about another (minor?) contagion in the crypto markets: Babel Finance. (@BabelFinance)

https://t.co/EJ4h1GNIH3",Official_WSB
2022-06-19 01:37:46+00:00,1538335198819102720,"@eyo86eyo We began loosening our rules when $COIN IPO'd and $MSTR blew up because it became impossible to discuss stocks without mentioning crypto.

Unfortunately that timeline largely coincides with crypto falling, but that is unlikely to always be the case going forward.",Official_WSB
2022-06-19 00:38:39+00:00,1538320321287168001,Time to breakout ol' reliable... https://t.co/akJgQXYG9Z,Official_WSB
2022-06-18 23:43:38+00:00,1538306474136444935,We are ALL continuing in poverty on this blessed day... ser. https://t.co/bnQFuXRfn0,Official_WSB
2022-06-18 17:53:42+00:00,1538218411456618498,so much fun,Official_WSB
2022-06-18 17:52:19+00:00,1538218060921946115,https://t.co/4ORz7fLTgv https://t.co/7qd0ux7gjs,Official_WSB
2022-06-18 17:49:16+00:00,1538217295880888320,This is how you know we're in a bear market for crypto. https://t.co/zD5sjW0yIu,Official_WSB
2022-06-18 16:46:33+00:00,1538201512979140613,@KingBlackBored @punk9059 Where does $SOL fit into this,Official_WSB
2022-06-18 16:39:06+00:00,1538199636783112197,"Due to current market conditions, I could only afford to post one picture.",Official_WSB
2022-06-18 16:38:24+00:00,1538199462341902339,Leaked pictures of VIP dinner at @NFT_NYC https://t.co/mr6JVY7WfV,Official_WSB
2022-06-18 14:13:45+00:00,1538163058924785665,@exlawyernft @braybraywoowoo Okay now these are freaking cool.,Official_WSB
2022-06-18 13:56:53+00:00,1538158812644970497,@piovincenzo_ Wait until you realize this is true for every single investable asset.,Official_WSB
2022-06-18 13:54:24+00:00,1538158189249691648,I can't believe Three Arrows Capital turned $ETH into a Three Digit Coin https://t.co/WARQfbncyz,Official_WSB
2022-06-18 13:21:24+00:00,1538149885823836162,N... Nice... ü•π https://t.co/VedWHHXtuF,Official_WSB
2022-06-18 12:41:21+00:00,1538139805044903937,Is this you? Be honest. https://t.co/8DKvwV8O4U,Official_WSB
2022-06-18 12:27:16+00:00,1538136262304989184,How is the #crypto market somehow more bullish than general markets? https://t.co/xgrvxLpZJ9 https://t.co/gT3et4u6H0,Official_WSB
2022-06-18 05:40:42+00:00,1538033945773805570,.@DuppiesNFT rushing to buy a new domain after @Serpent gets @Namecheap to shut them down. https://t.co/p7n6GHRjMv,Official_WSB
2022-06-18 05:36:18+00:00,1538032837965647872,@Serpent @DeGodsNFT @DuppiesNFT @TwitterSupport @Namecheap Based as fuck.,Official_WSB
2022-06-18 05:11:42+00:00,1538026647047114754,"JPEG scammers be scamming JPEGs. 

Don't mint @DuppiesNFT and never trust a surprise mint. https://t.co/2pPfXXtjpi",Official_WSB
2022-06-18 04:40:34+00:00,1538018811105796102,@TheCryptoBubble @ryancohen Hell yeah!,Official_WSB
2022-06-18 04:36:23+00:00,1538017759820337152,Who do you see in this picture? https://t.co/P65DrfrJgy,Official_WSB
2022-06-17 19:08:21+00:00,1537874807764680704,"Reminder that markets are closed on Monday, but you can still lose money on #crypto and #nfts 24/7. https://t.co/1f0O7PWcVQ",Official_WSB
2022-06-17 19:02:49+00:00,1537873417461981185,I had to see this and now you do too. https://t.co/vtJjZQMBWE,Official_WSB
2022-06-17 14:24:31+00:00,1537803381439451137,üçÜ https://t.co/Su2axcbiLk,Official_WSB
2022-06-17 13:49:07+00:00,1537794473022918657,Twitter today: https://t.co/PRQZ2QBV46,Official_WSB
2022-06-17 13:23:49+00:00,1537788103989018628,Priced in... But not really. https://t.co/BKjIrebz3f,Official_WSB
2022-06-17 01:45:50+00:00,1537612452677959681,https://t.co/8mKsBjKfZW,Official_WSB
2022-06-16 22:59:46+00:00,1537570660729470978,"@FriendlyJameson Isn‚Äôt it one dude suing Elon over Dogecoin? 

https://t.co/r6C6aTDNyr",Official_WSB
2022-06-16 22:57:19+00:00,1537570044410007552,"@SpeculatorArt Ah, understandable. The good ole days.",Official_WSB
2022-06-16 22:56:01+00:00,1537569714377003008,@__DeFi__ @GrantYun2 This is awesome.,Official_WSB
2022-06-16 22:54:16+00:00,1537569274075701248,We‚Äôre all gonna die https://t.co/SfnJtyKiFM,Official_WSB
2022-06-16 22:53:10+00:00,1537568998015082496,"@SpeculatorArt I‚Äôm sorry, I still have one question.

What‚Äôs the fuck?",Official_WSB
2022-06-16 22:05:25+00:00,1537556983326310406,"@sbr39427 I have some bad news for you‚Ä¶

https://t.co/MAeZiF0O9f",Official_WSB
2022-06-16 22:00:42+00:00,1537555793024786435,@mskvsk At least a couple more probably.,Official_WSB
2022-06-16 21:58:56+00:00,1537555348109905920,"3AC could learn a lot from Bill Hwang‚Äôs Archegos blowup.

If you‚Äôre facing a margin call, just don‚Äôt pick up the phone. https://t.co/m3GJTQV4PF",Official_WSB
2022-06-16 20:13:08+00:00,1537528722668019712,A tale as old as time. https://t.co/JWYDfOeNHs,Official_WSB
2022-06-16 18:26:25+00:00,1537501867143462913,$SPY vibes :( https://t.co/Cz5Etl4RYg,Official_WSB
2022-06-16 17:10:21+00:00,1537482725682077700,"Hey @ryancohen, are you doing okay? https://t.co/6lQN5mMnxM",Official_WSB
2022-06-16 16:32:21+00:00,1537473161524039681,@heatguyj81 https://t.co/iCmG7V9cuO,Official_WSB
2022-06-16 16:24:21+00:00,1537471148006465536,"Damn bro that's wild, but maybe $BBBY is just a shit company in a shit sector, which is why it's down 78% in two and a half months. 

Only like 30% shorted, but I'm sure it'll squeeze any day, right? https://t.co/CPsp0qrMbs",Official_WSB
2022-06-16 16:14:45+00:00,1537468731638546433,@spilled_soup https://t.co/MvSgm1Ggf8,Official_WSB
2022-06-16 16:10:04+00:00,1537467554934972421,https://t.co/9s4JHWmLYm,Official_WSB
2022-06-16 16:08:14+00:00,1537467094463401984,@CryptoCronkite @loomdart Have you heard from btc-e yet?,Official_WSB
2022-06-16 15:50:59+00:00,1537462752708526082,"@Susan_Wets @CathieDWood While this may be true, the bigger piece here is that interest rates rising reduces the present value of future cash flows, which is why we're seeing steeper declines in growth stocks vs. value stocks.",Official_WSB
2022-06-16 15:45:27+00:00,1537461358727516160,"Today I discovered the late graffiti artist NEKST after a @BoredApeYC contractor stenciled over one of his iconic works.

Here are 100 more of his best pieces, and my personal favorite üëá

https://t.co/XSC4WEXwWp https://t.co/xCW8baGOnc",Official_WSB
2022-06-16 15:04:42+00:00,1537451106325913600,@gainzxbt tfw no nft nyc invite https://t.co/Cum3lO828g,Official_WSB
2022-06-16 15:01:11+00:00,1537450220962955264,"In bull markets people make outlandishly bullish predictions. (@CathieDWood)

In bear markets people make outlandishly bearish predictions. (Jamie Dimon)

Reality is almost always somewhere in the middle, but it's the most outlandish predictions that get the most airtime. https://t.co/CWN8K6dr3j",Official_WSB
2022-06-16 11:26:17+00:00,1537396140446044160,"@Greekdx At least it can't get worse!

...right?",Official_WSB
2022-06-16 11:20:32+00:00,1537394692534542336,It's not a loss until you sell right? https://t.co/bGMGcWiV5g,Official_WSB
2022-06-16 11:17:44+00:00,1537393985186107393,"@CyberapeYacht @DragonGuildNFT This WallStreetBets telegram is not associated with the official subreddit / discord / twitter. 

Sorry, think you guys got scammed on this one.",Official_WSB
2022-06-16 03:13:50+00:00,1537272210150367239,"Also, the drink is a diet coke, but that's what Warren Buffett drinks. https://t.co/VIX2OLwXxk",Official_WSB
2022-06-16 03:11:35+00:00,1537271643697033217,"@0xfoobar @greatmando_nft You meet that responsibility by showing up consistently, every day, and doing your best.

But everyone needs breaks to avoid burning out. A team you can trust makes all the difference.",Official_WSB
2022-06-16 03:11:26+00:00,1537271606971604999,@0xfoobar @greatmando_nft Infinite liability isn't quite right. When building a community you have a responsibility that extends into perpetuity.,Official_WSB
2022-06-16 02:59:22+00:00,1537268570710855680,This is a cry for help. https://t.co/G6WmBfyulz,Official_WSB
2022-06-15 22:23:06+00:00,1537199045516660738,What's the equivalent for crypto? https://t.co/rkVhU2dISg,Official_WSB
2022-06-15 20:51:37+00:00,1537176019949469696,@Roberts_B ü•π Always ü•π has ü•π been ü•π,Official_WSB
2022-06-15 20:51:06+00:00,1537175889443708935,All my homies hate Robinhood https://t.co/aGcWHyIffr,Official_WSB
2022-06-15 19:37:33+00:00,1537157383755026432,Markets so bad Bill Gates and Warren Buffett are back working at McDonald's https://t.co/TrE1zEDZFX,Official_WSB
2022-06-15 17:39:08+00:00,1537127581975252995,"20 minutes to the FOMC meeting, but will markets react? Already priced in.

Screenshots taken at 1:25 / 1:35 Eastern. https://t.co/KE0vKcoQfF",Official_WSB
2022-06-15 15:14:12+00:00,1537091108202766338,It's even better with audio btw,Official_WSB
2022-06-15 15:12:51+00:00,1537090767977586689,@Valianttheywere I'd rather kill myself,Official_WSB
2022-06-15 15:12:01+00:00,1537090559638126594,"I'll admit, I teared up a little. https://t.co/D81iV5R8Tx",Official_WSB
2022-06-15 12:54:31+00:00,1537055953941671937,"üçø

https://t.co/ZEV2RipPsE https://t.co/zqECyDBXMi",Official_WSB
2022-06-15 12:23:26+00:00,1537048131900215296,"WANGMI

RIP $COIN https://t.co/YDcj9Qh1yQ",Official_WSB
2022-06-15 11:44:28+00:00,1537038325311209478,Presented without comment. https://t.co/zvloa2BB3c,Official_WSB
2022-06-15 11:23:02+00:00,1537032934200430599,https://t.co/YuMJ5OL7eE https://t.co/PmMctWg7rw,Official_WSB
2022-06-15 02:40:13+00:00,1536901359924125703,$ETH showing +10% over the past 24h: https://t.co/exW95rsEcV,Official_WSB
2022-06-14 14:43:42+00:00,1536721043586441216,üî•üî•üî• This is fine üî•üî•üî• https://t.co/ngmwe6wh80,Official_WSB
2022-06-14 02:54:05+00:00,1536542464928059399,‚ÄúThis is good for #Bitcoin‚Äù https://t.co/06vXG3huyG,Official_WSB
2022-06-14 02:52:44+00:00,1536542122811219974,"@LomahCrypto Can‚Äôt touch grass anymore since they kicked me out of the park.

Living behind a Wendy‚Äôs dumpster now.",Official_WSB
2022-06-14 02:39:59+00:00,1536538915758284800,"Too bad NFT NYC tickets don‚Äôt include food.

Most attendees won‚Äôt  be able to afford to eat at this rate.",Official_WSB
2022-06-14 02:05:35+00:00,1536530259142639619,@piovincenzo_ Reality can be anything you want it to be,Official_WSB
2022-06-14 02:02:39+00:00,1536529518038597638,Imagine losing money on $SPCE in 2022. https://t.co/kyxQLR7HT9,Official_WSB
2022-06-14 01:55:08+00:00,1536527627468648448,"@TDogCali51 Yeah, that‚Äôs the joke. Should have added the date of the article, May 4th, 2022",Official_WSB
2022-06-14 01:48:07+00:00,1536525860555132932,Found some good news for $BTC bulls! https://t.co/7kbPGCSh9S,Official_WSB
2022-06-13 13:36:40+00:00,1536341786590957569,$SPY bby what is u doin https://t.co/nURilccM7W,Official_WSB
2022-06-13 11:10:16+00:00,1536304943841280000,Dang. I guess $BTC is dead. https://t.co/PXfPhIx6QW,Official_WSB
2022-06-13 04:46:50+00:00,1536208450690199552,"‚ÄúIt‚Äôs All About the Long Term

Ouch. It‚Äôs been a brutal year for many in capital markets. As of this writing, our shares are down 80%+. Still, the company is in a stronger position now than any time in its past.‚Äù

$AMZN was trading at $6. Today? $2180.

https://t.co/shSktbctGW",Official_WSB
2022-06-13 04:26:27+00:00,1536203318414000128,@Tradermayne wen big long,Official_WSB
2022-06-13 04:25:43+00:00,1536203133747085314,@KingBlackBored I barely remember the market crash of 2020. Maybe I‚Äôm just getting old.,Official_WSB
2022-06-13 04:14:35+00:00,1536200334737022979,Time to buy or time to rope? https://t.co/D6hIQIAywh,Official_WSB
2022-06-12 00:15:26+00:00,1535777763885555713,"StockX‚Äôs ‚Äúnot a product‚Äù, ‚Äúdigital receipt‚Äù, NFT that got them sued by $NIKE.

Who will prevail in court? https://t.co/yGcnO48N2W",Official_WSB
2022-06-11 01:07:19+00:00,1535428431546130432,"Let‚Äôs talk about Crypto and NFT Regulation! Tomorrow at 8pm Eastern!

Suggested by @ObeyMr_1400! 

https://t.co/f0PFl0pXzc",Official_WSB
2022-06-10 01:55:58+00:00,1535078286954754048,@TomorowSoon Were you looking for $DNUT?,Official_WSB
2022-06-10 01:08:31+00:00,1535066344793645056,Dealing with scammers... With style! https://t.co/iRYjWaDFnv,Official_WSB
2022-06-10 01:06:33+00:00,1535065848297115648,"Set a reminder for Failure Friday! 

Share your biggest #crypto and #NFT losses and lessons learnt! 

 https://t.co/Jy4hcUrzpK",Official_WSB
2022-06-10 00:06:44+00:00,1535050797745987584,"Come learn how to monetize your #crypto and #NFTs without selling them!

We‚Äôre live with @MichaelKdcl!  

https://t.co/Lo6ZaftDRc",Official_WSB
2022-06-09 01:10:26+00:00,1534704438715334656,"Just finished an amazing Space on #crypto and #NFT security with @MichaelKdcl, @NFtSNiPERbOt and @Helloimmorgan!

Come to our daily talk, tomorrow at 8pm Eastern, where we'll talk about monetizing assets, without selling!

 https://t.co/Lo6ZafLffM",Official_WSB
2022-06-08 23:58:54+00:00,1534686437940994048,"Protect your jpegs from scammers!

Listen in for #NFT horror stories and #crypto best practices!

With top tier speakers including @NFtSNiPERbOt, @MichaelKdcl, and hopefully you!

https://t.co/aTpy4ojVEX",Official_WSB
2022-06-08 23:39:29+00:00,1534681552977788930,"@NFtSNiPERbOt @BoredApeYC @SnoopDogg My guess is we'll see @kanyewest, ever since he filed for those trademarks.

https://t.co/Yizvpt5oKG",Official_WSB
2022-06-08 23:11:15+00:00,1534674445629014019,"@nulleth_ Any non-zero amount is too many.

How do you encourage good security practices at scale?",Official_WSB
2022-06-08 12:53:40+00:00,1534519026243837953,Where my Shopify homies at? $SHOP https://t.co/WIxr96LyKx,Official_WSB
2022-06-08 00:00:33+00:00,1534324463189336066,"And, we're live! https://t.co/Wd0pNB6u9s",Official_WSB
2022-06-07 18:45:41+00:00,1534245226713341952,@NBizness91 No. It's literally a link to a cached webpage that bypasses their paywall. (Sorry Matt),Official_WSB
2022-06-07 18:35:26+00:00,1534242647598145539,"""If the retail trading experience got a bit worse, there might be a bit less retail trading, and deep down that might be what the SEC wants.""

Matt Levine's ""Money Stuff"" is always great, but today's newsletter on PFOF and SEC regulation is a cut above.

https://t.co/JKJII3uOIm",Official_WSB
2022-06-07 03:43:32+00:00,1534018193592811526,"After a big success, with Twitter Space #1, we're excited to present Twitter Space #2!  

Make sure you set a reminder so you don't miss it! (Lookin at you @Helloimmorgan! üòú)

https://t.co/Wd0pNB6u9s",Official_WSB
2022-06-06 23:59:41+00:00,1533961857823916032,It's happening! Come join the first WSB Crypto / NFT Twitter Space! https://t.co/ufNeeNVUlr,Official_WSB
2022-06-06 19:38:50+00:00,1533896212146966528,"@sassypandacap Fuck no, that guy got booted out of WSB years ago and keeps trying to chase our clout.",Official_WSB
2022-06-06 12:54:00+00:00,1533794333542989825,"Set a reminder so you don't miss our first ever Crypto and NFT Twitter Space!

It can't go tits up!

https://t.co/ufNeeNVUlr",Official_WSB
2022-06-06 06:27:09+00:00,1533696978978324480,"Warren ""The Kid"" Buffett https://t.co/Mv4afRvobc",Official_WSB
2022-06-06 05:28:06+00:00,1533682121310715904,"@BSCNews Wake me up when it's at $100K, and I'm not talking $UST.",Official_WSB
2022-06-06 03:36:23+00:00,1533654004273713154,"WallStreetBets daily Crypto / NFT talks are coming!

For 8 months, r/WallStreetBets has hosted pre-market talks, reaching tens of thousands every day!

Tomorrow at 8pm Eastern, we'll start hosting 1 hour crypto chats, daily!

Interested in cohosting or speaking? Drop a DM!",Official_WSB
2022-06-03 21:55:52+00:00,1532843536311263234,Hmmm... https://t.co/tGHapPvZob,Official_WSB
2022-06-03 17:21:23+00:00,1532774459756756992,"As always, open to all except Jim Cramer https://t.co/McTsOMm23r https://t.co/Jq2YPDeQCj",Official_WSB
2022-05-27 13:50:37+00:00,1530184704586293249,Wonder what his returns are like... https://t.co/T4I6wghPPU,Official_WSB
2022-05-25 03:05:33+00:00,1529297590008807430,"$SNAP today, along with everyone else https://t.co/VciuiBUSSs",Official_WSB
2022-05-20 12:05:47+00:00,1527621607061069824,With infinite risk comes infinite rewards. https://t.co/88KwZcinJ9,Official_WSB
2022-05-19 17:26:08+00:00,1527339838483025938,"@kay_enne @kligris @MarketRebels Yeah, that's why they're not a mod anymore, and haven't been since early 2021.",Official_WSB
2022-05-19 14:12:07+00:00,1527291013009661953,"Janman visualized yesterday's drop on r/wallstreetbets! 

Will today be better? So far the answer is, ""how could it get worse?"" https://t.co/6j15ZcWkCc",Official_WSB
2022-05-19 14:04:40+00:00,1527289136440389632,@kligris @MarketRebels https://t.co/x19wQECFZh,Official_WSB
2022-05-18 23:27:23+00:00,1527068361804468224,@NguyenDevan We've tried some prayer threads but they're not working.,Official_WSB
2022-05-18 23:17:28+00:00,1527065865136574466,"This is why r/wallstreetbets is the greatest community on the planet. 

Cya never Melvin! Outplayed by retail!

https://t.co/OhrzDny28G https://t.co/Wnyegf5ArI",Official_WSB
2022-05-18 22:01:14+00:00,1527046678791995394,"FUCKED AROUND AND FOUND OUT 

""Plotkin‚Äôs Melvin Capital to Liquidate Funds After Losses""

""Plotkin never recovered from GameStop short squeeze in 2021""

https://t.co/YRdv7b9x9r",Official_WSB
2022-05-18 21:54:59+00:00,1527045106943115264,"gm everyone! I took three weeks off. What did I mis- 

WHAT THE FUCK?! https://t.co/5Qi0Q1jNlG",Official_WSB
2022-04-25 20:28:56+00:00,1518688532600176641,"ü§î @jimcramer is truly amazing

https://t.co/ksMBaFDs1w https://t.co/fchnL0Ms7n",Official_WSB
2022-04-25 19:04:35+00:00,1518667303407267840,Never bet against @elonmusk https://t.co/vRBh9CP7Uj,Official_WSB
2022-04-25 18:58:23+00:00,1518665744594186243,Let the meme era begin! https://t.co/oRxdZ9t5sw,Official_WSB
2022-04-25 16:07:46+00:00,1518622806950490120,sToCKs oNLy Go uP ü§° https://t.co/T3W64FmqEA,Official_WSB
2022-04-25 13:08:32+00:00,1518577700931260419,Getting mixed signals from this GameStop license plate... https://t.co/iFqWwWCi0X,Official_WSB
2022-04-22 11:42:45+00:00,1517468950971527171,"@zscuffed As explained to zscuffed, this Instagram account isn't at all related to the subreddit, discord, or Twitter. 

Just some schmuck imposter. 

Sorry this happened to you.",Official_WSB
2022-04-22 11:41:16+00:00,1517468576919298050,The streaming war in a single photo https://t.co/yneiy1kYH0,Official_WSB
2022-04-21 15:30:12+00:00,1517163802122498048,"""Melvin clients have lost 51.8% of their money from January 2021 through this March, a stark comedown for what was previously a top-performing fund.""",Official_WSB
2022-04-21 15:28:45+00:00,1517163435036975104,"Melvin Capital Management to Restructure as Losses Mount

https://t.co/jhoTkAxZlG",Official_WSB
2022-04-20 15:25:56+00:00,1516800338329686021,"$5K to $110K overnight on $NFLX! 

https://t.co/iOYyfwbNkT https://t.co/Xb8MHK3qP6",Official_WSB
2022-04-20 10:53:57+00:00,1516731891436695560,"This call on $NFLX is what I'm talking about!

Way to go! https://t.co/kT13fxdkow",Official_WSB
2022-04-19 22:30:58+00:00,1516544916398260224,üôÑ https://t.co/CqEAvs8krt,Official_WSB
2022-04-18 13:25:00+00:00,1516045129626259463,leaked market data https://t.co/loFxbWXS7w,Official_WSB
2022-04-17 14:04:03+00:00,1515692568071262217,"""I made an offer"" https://t.co/TkKR61QRnf",Official_WSB
2022-04-16 16:30:50+00:00,1515367121513070598,"""@RobinhoodApp is a world class financial institution"" https://t.co/Jue9XxkPwy",Official_WSB
2022-04-15 20:42:00+00:00,1515067939946479616,"Ten Members Of International Stock Manipulation Ring Charged In Manhattan Federal Court

https://t.co/3BqEMQ2VVQ",Official_WSB
2022-04-15 18:08:17+00:00,1515029255490609156,"@TheFighter_001 I linked to a specific comment thread because I found it quite interesting. Here's a link that shows all the comments!

https://t.co/TJtEn8CBQr",Official_WSB
2022-04-15 15:55:00+00:00,1514995714308202497,send help https://t.co/os2jKix697,Official_WSB
2022-04-15 14:34:00+00:00,1514975330229923841,"WSB had a very controversial DD this week on $DWAC where u/BigMoneyBiscuits broke down the financials and looked at comparable social media platforms.

https://t.co/45UI3rDrpo",Official_WSB
2022-04-15 13:25:00+00:00,1514957965618384902,elon pls https://t.co/otvxRopqnK,Official_WSB
2022-04-14 17:39:52+00:00,1514659719931215881,"BREAKING: Due to historic events, $GME and $AMC will not be available for trading tomorrow https://t.co/ozPNHflahn",Official_WSB
2022-04-14 15:55:00+00:00,1514633326522294272,"SEC, three letter acronym, middle word is Elon‚Äôs https://t.co/uIYVatRd9a",Official_WSB
2022-04-14 15:00:03+00:00,1514619499529609216,"Someone on WSB bought $80K in $TSLA puts yesterday.

It's worth at least $220K this morning.

https://t.co/qZxq4rQ3Qi https://t.co/POgyYQQTwB",Official_WSB
2022-04-14 14:28:00+00:00,1514611432201011200,"The top DD on r/wallstreetbets this week is on $GME, by u/nojobs who analyzed over 2,000 stock splits over the last 3 decades.

Check it out!

https://t.co/ea8bl5xfHI",Official_WSB
2022-04-14 14:18:42+00:00,1514609094195236884,They don't call me Warren Icahn for nothing. https://t.co/xzMUPUmZq5,Official_WSB
2022-04-14 13:32:59+00:00,1514597588401639431,Do you want @elonmusk to buy Twitter?,Official_WSB
2022-04-14 13:25:00+00:00,1514595577786363906,Power to the Players https://t.co/NgNuwgagaj,Official_WSB
2022-04-14 11:11:00+00:00,1514561856802799619,"Wow!! $TWTR receives $43B buyout offer from @elonmusk!

What will he do next? https://t.co/Hwwlzc5PKY",Official_WSB
2022-04-13 15:55:00+00:00,1514270938585440256,"I'm not crying, you're crying. https://t.co/VBux5AUVxb",Official_WSB
2022-04-13 15:16:20+00:00,1514261207515025412,"@gteco3 Sorry, thanks for the heads up!",Official_WSB
2022-04-13 13:25:00+00:00,1514233190050762758,Trading in 2022 https://t.co/mTDA5P9F0h,Official_WSB
2022-04-13 11:48:17+00:00,1514208851578523649,"An expert on the subject, @CathieDWood's $ARKK is down 38% YTD, with TTM losses exceeding 50% on $ZM, $TDOC, $ROKU, and $COIN https://t.co/cbquOARmN9",Official_WSB
2022-04-12 17:44:51+00:00,1513936195822272515,Today in a nutshell https://t.co/jRdNG3qnyP,Official_WSB
2022-04-12 15:55:00+00:00,1513908550766002179,What stock does this best describe? https://t.co/I3bHep85Ai,Official_WSB
2022-04-12 14:37:52+00:00,1513889138747006981,Getting robbed is my hobby https://t.co/6OMBSYMQy8,Official_WSB
2022-04-12 13:25:00+00:00,1513870802164367366,"Puts on Jada, Calls on Chris https://t.co/rc6QZXVnJc",Official_WSB
2022-04-12 12:18:03+00:00,1513853956283318286,"Excellent job JPow. 

iNfLaTioN iS TraNsitOrY https://t.co/fVA02Cs7tA",Official_WSB
2022-04-11 13:53:15+00:00,1513515523027386375,and somehow Twitter is still green https://t.co/tjWMDUFKW7,Official_WSB
2022-04-11 12:54:28+00:00,1513500731168497665,"But seriously, does anyone know? https://t.co/rQuZBGXcDj",Official_WSB
2022-04-10 16:41:25+00:00,1513195456091860996,"printer go RRRB

:( https://t.co/xYD6M1YQQz",Official_WSB
2022-04-09 17:13:34+00:00,1512841159550373888,"What I lack in profit, I make up for in volume https://t.co/udSQyHOLYU",Official_WSB
2022-04-09 00:12:23+00:00,1512584171402706945,"Success requires focus, determination, and an undying love for ORANGE JUICE FUTURES

üçäüçäüçä https://t.co/1UF6AqQOPU",Official_WSB
2022-04-08 12:51:57+00:00,1512412932382068743,There are many trading strategies... What's yours? https://t.co/JvnjgIHKUW,Official_WSB
2022-04-07 16:39:16+00:00,1512107754714021894,"But I don't get it: how can a process I've never understood, involving a company I've never heard of, explained by someone I have no reason to believe, result in me losing money?",Official_WSB
2022-04-07 14:14:22+00:00,1512071287484530705,"Bagholders unite!

I mean, is anyone actually up on $CLOV or $SOFI? https://t.co/254YpYzET6",Official_WSB
2022-04-07 14:11:37+00:00,1512070595311116300,@jimcramer Blink twice if you're having a stroke,Official_WSB
2022-04-06 19:50:50+00:00,1511793573078966277,"Remember the so called ""largest bet in WSB history"", for $30 million on $SAVA?

It's down 45% since (in only 2 months). 

Guess they didn't hear about DFV and $GME.

https://t.co/LH68UJoOsq",Official_WSB
2022-04-06 17:02:43+00:00,1511751265159684097,This is so cool! Congratulations on publishing! https://t.co/oB6PBwpkBP,Official_WSB
2022-04-06 16:37:35+00:00,1511744943018156046,"@matt_levine, if you'd ever like to do an AMA (text or talk) on r/wallstreetbets, we'd love to have you. Follow us for more info!",Official_WSB
2022-04-06 16:17:22+00:00,1511739853268033538,"With @elonmusk at the helm, maybe we finally have a chance at getting verified. https://t.co/jex2YjQ5xS",Official_WSB
2022-04-06 13:58:55+00:00,1511705013269188608,https://t.co/MkHv3tu5rg https://t.co/gjgyC0CpXO,Official_WSB
2022-04-06 13:47:46+00:00,1511702203932848130,"Buy $COCK. I heard WSB is buying $COCK and $COCK IS THE NEXT BIG THING.

$COCK IS RISING TODAY.

Do your own DD on $COCK and let me know how much you like $COCK.

üíé‚úä your üöÄüöÄüöÄ $COCK to the üåù",Official_WSB
2022-04-05 20:58:48+00:00,1511448291023769600,Is $GME / $AMC utilization just going to stay flat at 100% or...,Official_WSB
2022-04-05 20:47:42+00:00,1511445496581300236,what about one really big charging station? https://t.co/3MY58Tw02C,Official_WSB
2022-04-05 12:12:40+00:00,1511315883314012165,WSB gains prove that @elonmusk is a source of alpha https://t.co/HgVDf5mEz3,Official_WSB
2022-04-05 00:34:05+00:00,1511140080370429957,"Thank you all for participating, You guys are incredible!

https://t.co/XvgNRvJzK0",Official_WSB
2022-04-04 18:58:57+00:00,1511055741301362690,https://t.co/JmumpfW4Yr,Official_WSB
2022-04-04 11:07:13+00:00,1510937025171660811,"Who had $TWTR calls? 

Twitter shares soar more than 25% after Elon Musk takes 9% stake in social media company

https://t.co/XXwdXJjTlq https://t.co/r7eU3JAl1s",Official_WSB
2022-04-01 23:32:19+00:00,1510037372393730049,"@JustThisFukr We have a minimum market cap of $1.5B.

This is... $9 million.",Official_WSB
2022-04-01 23:03:10+00:00,1510030035633192964,"The top moderator of WSB has just been replaced by a goldfish

https://t.co/hVDPCUQ3pd",Official_WSB
2022-04-01 22:19:41+00:00,1510019092903825413,"Ohhhh yeah, it's all coming together.

https://t.co/gSyAa4Z3pB https://t.co/el79VP9fHP",Official_WSB
2022-04-01 21:12:47+00:00,1510002258032922628,The $GME / $AMC resolve is admirable really https://t.co/TX0fwKDqa9,Official_WSB
2022-04-01 17:01:42+00:00,1509939070880952330,"WSB has always gone to @Wendys for tendies, but is it time for a change? 

Perhaps from @McDonalds, @kfc, or @ChickfilA?",Official_WSB
2022-04-01 16:51:19+00:00,1509936456042745856,"DEFEND WSB ON r/PLACE

https://t.co/65SxIacrmX

CLICK TO DROP A PIXEL https://t.co/JGlx2JYJ02",Official_WSB
2022-04-01 11:19:11+00:00,1509852873311535105,"I can't believe WSB was outperformed by a fuckin goldfish...

@michaelreeves, we'd like to offer fredrick the goldfish a mod spot on r/wallstreetbets, is he interested?

Full video: https://t.co/BSfOKOjB88 https://t.co/zboOOn1IlZ",Official_WSB
2022-03-31 22:10:13+00:00,1509654323290152976,I think it's clear from the engagements on these tweets that BULLS ARE IN CONTROL!,Official_WSB
2022-03-31 22:08:28+00:00,1509653884305920001,"GME (but not so much AMC) ripping today.

YOU LOVE TO SEE IT https://t.co/v5ZKKHIksF",Official_WSB
2022-03-31 22:06:36+00:00,1509653412320796673,"@Tanktweets WSB is like Jada, not very loyal except to what ""makes her feel good"". We love volatility, but when the stock gets boring, WSB stops paying attention. The moment there's a hint that things are getting exciting again, we'll be there.

TL;DR: WSB is a slut and you love it",Official_WSB
2022-03-31 20:32:58+00:00,1509629851464052744,WHAT A TIME TO BE ALIVE https://t.co/hue9lDJTHM,Official_WSB
2022-03-31 17:34:39+00:00,1509584974042832904,@matt_levine r/SPACs once again: https://t.co/WpvUgI5HOY,Official_WSB
2022-03-31 17:30:29+00:00,1509583927132016644,When the chart finally turns green https://t.co/tOXxRAcp7U,Official_WSB
2022-03-31 16:01:42+00:00,1509561585483792388,@AdrianAnyway @jimcramer The only JC I respect is zjz,Official_WSB
2022-03-31 14:23:48+00:00,1509536947907268608,@AMCsVids https://t.co/94q2QWnO9t,Official_WSB
2022-03-31 14:13:51+00:00,1509534442762743818,"When your broker offers commission free trading.

Looking at you #Robinhood. https://t.co/xD3Bqcoc7u",Official_WSB
2022-03-31 14:07:06+00:00,1509532745671843845,@pekkanii @jimcramer You are also invited to our 100% safe cruise experience,Official_WSB
2022-03-31 13:58:14+00:00,1509530513005965337,"@jimcramer Hell yeah, but only if we party like it's February 2020 and we're on the Diamond Princess Cruise Ship!",Official_WSB
2022-03-31 13:24:00+00:00,1509521896093724676,"""What's an exit strategy?"" - DFV https://t.co/MGA67wAGYE",Official_WSB
2022-03-31 12:09:49+00:00,1509503228957843459,Trading is pain. https://t.co/gWWOL0o4Op,Official_WSB
2022-03-31 11:10:45+00:00,1509488365401432069,"So many new automotive companies have hit the market lately.

Calls on logo designers for car manufacturers? You think maybe they get their branding off $FVRR? https://t.co/PV5O7QpeQK",Official_WSB
2022-03-31 04:59:46+00:00,1509395002635476994,"@johnnynitetrai1 @ryancohen Immediate regrets for not adding a ""both"" option.",Official_WSB
2022-03-31 04:55:24+00:00,1509393902280847362,@ryancohen Well? Who is more reprehensible?,Official_WSB
2022-03-30 19:21:52+00:00,1509249570580144130,"@SEC_Investor_Ed If by taking control you mean destroying, then yes. https://t.co/8QqwEX8DWl",Official_WSB
2022-03-30 17:55:24+00:00,1509227807330783232,"i need wheat PRICES TO GO DOWN. I cant take this anymore. every day I am checking $WEAT price and its climbing. every day, check price, bad price. i cant take this anymore, i am hungry, so hungry. it is what it is. but I need price to GO DOWN ALREADY. can farmers do something? https://t.co/djCJbLbat7",Official_WSB
2022-03-30 17:50:02+00:00,1509226456890626051,"Important information for the SPAC degens out there! 

If you somehow haven't been wiped out yet, this is for you! https://t.co/RvSRiPGlkd",Official_WSB
2022-03-30 15:13:25+00:00,1509187044194541579,"UMMM, excuse me? Who said this was acceptable? https://t.co/kPUnZCzJoy",Official_WSB
2022-03-30 13:22:35+00:00,1509159153968816132,"OP: 

""Turns out this is a display issue with the TOS platform. Still in the poorhouse. Let‚Äôs hope my wife‚Äôs boyfriend lets me move back in and gives me an allowance to buy some $GME calls.""",Official_WSB
2022-03-30 13:22:35+00:00,1509159152387514369,Narrator: It wasn't correct. https://t.co/3BENcCQkmY,Official_WSB
2022-03-30 01:32:59+00:00,1508980574903545863,"Finally a reason to be bullish on Pershing Square.

Never forget his Valeant and Herbalife plays. https://t.co/ORDCkoGpjS",Official_WSB
2022-03-29 21:26:08+00:00,1508918455386488845,It's the ciiiircle of purple https://t.co/ruc5mbCcwn,Official_WSB
2022-03-29 21:04:25+00:00,1508912988601962506,"Apes getting sneak attacked when $GME was green, only to fall 5% in the last 20 minutes. https://t.co/wFnWCzyDqF",Official_WSB
2022-03-29 14:19:42+00:00,1508811137730629635,"Looking at you @jimcramer 

Every god damn time https://t.co/qxmkjbzUfg",Official_WSB
2022-03-29 14:07:10+00:00,1508807985946103820,"GME and AMC dipping today.

YOU LOVE TO SEE IT https://t.co/lk3CSoakY8",Official_WSB
2022-03-29 14:01:05+00:00,1508806454542749700,"Morning traders, just woke up. 

How's the market today?",Official_WSB
2022-03-29 13:25:00+00:00,1508797371873841153,"""Wow you spend so much time on that trading chat, you must be raking it in""

The chat: https://t.co/mtO2DfJJZF",Official_WSB
2022-03-28 15:47:04+00:00,1508470737937612810,@AndreeaEliza111 I'm sensing some sarcasm... https://t.co/fOeONDgWNz,Official_WSB
2022-03-28 15:41:47+00:00,1508469406136995854,"GME and AMC ripping today.

YOU LOVE TO SEE IT",Official_WSB
2022-03-28 15:28:03+00:00,1508465953578889218,"It's time for WSB's annual paper trading competition! It's real this time! 

Hurry on in and comment to sign up!

https://t.co/d324Xavm4a

Retweet for visibility! https://t.co/uZ94nvOKpz",Official_WSB
2022-03-28 15:10:45+00:00,1508461596015841282,"@Axuo_ @MrBeast Sadly he didn't follow through. 

I bet I can guess what the top reply would be if we repeated the thread today though!",Official_WSB
2022-03-28 15:03:10+00:00,1508459688374976513,"@MrBeast And yes, he would have lost everything.",Official_WSB
2022-03-28 15:00:52+00:00,1508459111939194881,"Remember when @MrBeast was going to YOLO $100K into WallStreetBets' top pick? 

We chose $TSLA $3500 Sept Calls (highest possible)

Wonder if he's down for round two?

https://t.co/oiOdrHlVvb",Official_WSB
2022-03-28 14:15:00+00:00,1508447567323017220,It's hard to tell the difference between a trading chat and art class when y'all post things like this: https://t.co/vZfN6WKIHY,Official_WSB
2022-03-28 13:34:55+00:00,1508437479988383749,"Love to see a beautiful $GME comeback story. ü•≤

https://t.co/xLQlWPqXuf https://t.co/RoKXszaqSS",Official_WSB
2022-03-28 13:25:00+00:00,1508434984104710155,But who ends up richer? https://t.co/bQAO7xrIqw,Official_WSB
2022-03-28 13:08:52+00:00,1508430926560309249,"@ParikPatelCFA Does this mean I can ask my broker for a refund?

Asking for a friend.",Official_WSB
2022-03-28 12:47:23+00:00,1508425516797280258,"Will you be slapping dat ask at open?

Today's top tickers so far are $GME (obviously), $TSLA, $TLRY, and $FB. https://t.co/KYja0GQ3Mv",Official_WSB
2022-03-28 12:29:12+00:00,1508420944582348802,"An exciting week for earnings! 

We have the WSB legend, $MU, the runt of the memestocks, $BB, and $SNDL. We don't talk about Sundial. https://t.co/vDWJ9y8L6A",Official_WSB
2022-03-27 22:12:52+00:00,1508205437522485249,"Hmm, @elonmusk roasts Twitter and puts up a poll with the disclaimer that ""the consequences will be important""

Puts on $TWTR?

But then he's joking around in the replies about buying Twitter, so... calls?! https://t.co/WvwGFaLghb",Official_WSB
2022-03-27 21:47:49+00:00,1508199136092471307,"@B1rdBear @StonkeyKongHODL We hate reposts and strongly dislike content that is posted across multiple subs, as this one was. 

However, this was super high effort, and honestly kind of funny, so it has been reinstated.

Also, the #2 post (meme) and #3 post (YOLO) are both $GME and still up.",Official_WSB
2022-03-27 20:09:34+00:00,1508174410041155585,"Calls on $NFLX? 

Dare I fuck with the mouse and say puts on $DIS? https://t.co/kyIx0OsDeE",Official_WSB
2022-03-27 17:07:56+00:00,1508128699689967618,A quick guide to Federal Reserve hand signals https://t.co/LxsAQsxgGg,Official_WSB
2022-03-26 19:23:07+00:00,1507800334181220357,@FilmThreat @sxsw Looking forward to the documentary!,Official_WSB
2022-03-26 16:08:14+00:00,1507751286644609025,@Brianch85 https://t.co/dxF4YYWnBY,Official_WSB
2022-03-26 16:06:44+00:00,1507750912198168582,Someone explain! https://t.co/l2X09nmzBE,Official_WSB
2022-03-26 12:51:53+00:00,1507701876795527177,@ParikPatelCFA @WizLikeWizard and that's your wife's boyfriend getting a promotion,Official_WSB
2022-03-26 12:50:30+00:00,1507701525942046732,@AMC_100K_AMC Was it you? Sounds like it was you!,Official_WSB
2022-03-26 12:49:52+00:00,1507701369569955847,Hard to predict the market when this is the state of the world... https://t.co/uWMIVu0Qzn,Official_WSB
2022-03-26 00:22:20+00:00,1507513246911193088,"Mystified by the Greeks?

Our drunken wizard explains! https://t.co/zn4EJXj2ph",Official_WSB
2022-03-26 00:13:26+00:00,1507511005215178753,@CEOAdam Wow! Now that's impressive!,Official_WSB
2022-03-25 21:44:39+00:00,1507473562382311432,@flwakeskater How I imagine everyone reading the image above https://t.co/ujOpFxk6F8,Official_WSB
2022-03-25 21:42:08+00:00,1507472927968706564,"@TriGunslinger @TendieBaron @lovelyfatty_ @WSBChairman @wsbmod Just tweeted a thread on it!

We reached out to the author of this thread via DM with plenty of information. They did not respond or make our comments public.",Official_WSB
2022-03-25 21:39:24+00:00,1507472242128703496,"For some context, when a user edits a post, automoderator rescans it. 

This can trigger an autoremoval, even though the post may be hours or even days old. This is what happened here. 

The post was later reinstated manually.",Official_WSB
2022-03-25 21:39:24+00:00,1507472240866205702,"We've never seen a group as passionate and energetic as $GME investors. 

Sometimes though, they're a little too energetic. 

These messages were all sent between 3-4am EST. https://t.co/JRR70JO1WV",Official_WSB
2022-03-25 20:40:24+00:00,1507457393726263306,"Power hour stats on #WSB discussion! 

$GME and $TLRY continue to dominate, surpassing $SPY while $SNDL makes its first appearance now that it's surpassed our $1.5B market cap threshold! https://t.co/aMRHj3iRSQ",Official_WSB
2022-03-25 20:33:23+00:00,1507455629442617384,@Dracoboy94 Puts on this guy's future,Official_WSB
2022-03-25 20:32:15+00:00,1507455342816464915,"@AstroPcfliu Aww, that's holesome.",Official_WSB
2022-03-25 20:31:07+00:00,1507455056844623882,What high conviction investment do you hold that no one else seems to be talking about?,Official_WSB
2022-03-25 20:29:24+00:00,1507454623849885701,@insolentbitcoin @ClayTravis @elonmusk @Twitter @TheBabylonBee @Reddit Long live @TheBabylonBee!,Official_WSB
2022-03-25 03:20:54+00:00,1507195793303912450,"You already know what #1 is.

Obviously #GameStop, with almost 4x the mentions of the second place ticker. 

This as $GME makes a crazy reversal, reaching as low as -9%, only to close green by end of day!",Official_WSB
2022-03-25 03:17:35+00:00,1507194960226959363,"$TLRY was the #2 most discussed ticker on #WSB today, rising an insane +41%

This comes on news that the House of Representatives is set to vote on legalizing #marijuana federally.

Do you think it will pass?",Official_WSB
2022-03-24 21:04:18+00:00,1507101021960646670,@ianattwater @Brianch85 DM me your reddit handles and I will see if we can get you to bypass that requirement.,Official_WSB
2022-03-24 20:20:23+00:00,1507089970296762386,"Psst, hey kid. You want some of this? https://t.co/yejvbQjup1",Official_WSB
2022-03-18 13:48:28+00:00,1504817010848505876,"u/Exact_Climate_655 came seeking advice from r/wallstreetbets after losing their kid's college money.

WSB's sage advice? Tell your son you‚Äôre going to pick up milk at the store, then go to a different country. https://t.co/NWI6a1GZiL",Official_WSB
2022-03-16 17:09:50+00:00,1504142910522073093,"A tribute to all the devastated portfolios over the past 5 months.

Watch the full meme [2:32]: https://t.co/5XVjyGFbmQ

$RBLX, $DOCU, $RDFN, $CLOV, $BYND, $HOOD, $AFRM, $DKNG, $AMC, $ZM, $OPEN https://t.co/dRTgSQ6brC",Official_WSB
2022-03-16 15:55:42+00:00,1504124257097375744,@HappyBagholder @ryancohen Hyped for earnings. üôå Stickied $GME megathread tomorrow?,Official_WSB
2022-03-16 15:45:00+00:00,1504121562693189634,"In a brilliant move, $AMC creates demand for its own popcorn by possibly committing securities fraud. https://t.co/XFtXWBU2XB",Official_WSB
2022-03-16 14:44:45+00:00,1504106400959635461,@zerohedge Time for $SPY puts again... https://t.co/ATGLzATQwh,Official_WSB
2022-03-16 14:40:49+00:00,1504105410629980161,"u/Minds_Desire shares his $1.3MM $GME gain from January 2021. 

Apes are not pleased with his paper hands.

Is it suspicious to post this one day before earnings?

https://t.co/bXyFP7UmAo https://t.co/521UA2moQn",Official_WSB
2022-03-16 14:28:03+00:00,1504102199244341248,"@denqub Not an automotive company, but it would be cool to get WSB talking about UAVs! Know anyone we should invite for an AMA?",Official_WSB
2022-03-16 13:52:53+00:00,1504093346754662400,"We've got automotive engineer u/Only_Outcome4297 running a Reddit Talk AMA today at 5PM EST! 

A great time to discuss $TSLA, $F, $NIO, $RIVN, $LCID and many more!

Tweet us your questions in advance to make sure they get asked! https://t.co/TxpRL9N3Td",Official_WSB
2022-03-16 13:29:00+00:00,1504087337986371592,@Stephen2181971 @FuelCell_Energy Neat! I'm guessing you're long? Write up your thoughts and post it to r/wallstreetbets! DM us or message modmail if it doesn't go through!,Official_WSB
2022-03-16 13:26:35+00:00,1504086730433077254,Reddit seems to be experiencing high levels of comment backlog. Daily threads across reddit are experiencing delays of up to 10 minutes.,Official_WSB
2022-03-04 16:32:30+00:00,1499784860889759758,"@TheProblem @jonstewart We don't all hate apes, in fact we have more in common than you may realize. We just like other stocks as well. We are on the same side, and hedgies intentionally want to divide us. 

There was more to this than just removing the buy button. It was far worse than that.",Official_WSB
2022-02-20 10:12:04+00:00,1495340469403983872,https://t.co/pZD9phSE1u,Official_WSB
2022-02-20 07:57:39+00:00,1495306643319533572,https://t.co/nFHIw7YDpP,Official_WSB
2021-11-01 18:18:14+00:00,1455237763775729668,@ChristianWang39 @wallstreetbets twitter is asleep on the verification game,Official_WSB
2021-11-01 18:07:10+00:00,1455234977826738177,"@BulgarianOG @wallstreetbets I feel bad for anyone that bought his NFTs. I remember him saying in a now deleted tweet that ""This never would've happened under my watch"", referring to GME.",Official_WSB
2021-11-01 17:53:56+00:00,1455231648094691331,@wallstreetbets It's also weird he claims our discord in his profile. He has nothing to do with it.. he's never been in it to my knowledge.,Official_WSB
2021-11-01 17:48:39+00:00,1455230317204226050,"https://t.co/d6wHoA8Ped

@wallstreetbets remember when you got kicked out of /r/wallstreetbets for helping these guys sell their scam? Looks like they got theirs.",Official_WSB
2021-10-21 18:13:26+00:00,1451250289550532619,"@_Recordo Ha, sorry about that. The tweets will be back soon.",Official_WSB
2021-09-24 05:31:42+00:00,1441274120910503937,@vegasdocker We're not the ones selling pictures of hands. Join up nerd.,Official_WSB
2021-09-24 04:19:26+00:00,1441255934513205249,"@eskimo_dev Splitting it up between two communities is a good way to do it, we won't change WSB on ya.",Official_WSB
2021-09-24 04:09:35+00:00,1441253453993431043,"@DingoDogDotCom @TheRoaringKitty We never really talked to him, I tried to DM him once or twice about random stuff but never got a reply. I assume he's been told to keep quiet by good lawyers.",Official_WSB
2021-09-24 03:25:38+00:00,1441242394406449164,"@YBON07 That's not us, he hasn't been affiliated with WSB since like a year before GME. Some inactive guy who got kicked out.",Official_WSB
2021-09-24 03:22:00+00:00,1441241481256177673,We're the mods behind /r/wallstreetbets since 2016 - if you like WSB we hope you'll like this. All other WSB crypto projects/communities/twitter profiles are unrelated to us and unaffiliated with /r/wallstreetbets - likely a cash grab.,Official_WSB
2021-09-24 03:12:13+00:00,1441239016079126528,"We thought crypto could use something like r/wallstreetbets. We'd like to see your gains, losses, and YOLOs, and you don't even have to buy a picture of a hand to join! https://t.co/X5mXa3Gl24",Official_WSB
2021-09-10 19:34:04+00:00,1436412676591214596,"@SwavZielin @realMeetKevin Y'know, when you see a giant list of rules in a community it's not because they set out to write a legal system. It's usually because of a million little issues where people got mad at you for being unclear about something.",Official_WSB
2021-09-10 19:31:59+00:00,1436412155436355588,@ZantherStone @realMeetKevin you're no fun,Official_WSB
2021-09-10 17:11:41+00:00,1436376844618588160,"@realMeetKevin An article referred to you as the candidate of the wallstreetbets user, yet we've never seen a 0dte YOLO from you. Care to fix that?",Official_WSB
2021-09-10 15:10:39+00:00,1436346389223596074,"@heatguyj81 @wallstreetbets It's not petty to dislike someone for being a scammer, sellout, and lying to people for gain. What's your username on Reddit? I bet you got banned for something else.",Official_WSB
2021-09-10 14:45:42+00:00,1436340108282716195,"@wallstreetbets Except it's complete shit and you know it because your dapp wasn't built to ""allay retail fears after GME"", you were kicked out before it happened and no apes want to trade ""synthetic shares"".",Official_WSB
2021-09-08 18:54:44+00:00,1435678005951701002,"@Twitter @TwitterSupport @verified https://t.co/ZQ24iFiAw1

We requested it multiple times already. What's the hold-up?",Official_WSB
2021-08-30 13:17:10+00:00,1432331563350560771,https://t.co/8pNttuv81f,Official_WSB
2021-08-30 13:16:51+00:00,1432331483188957194,https://t.co/tGZFHtcSKL,Official_WSB
2021-08-25 13:48:06+00:00,1430527406385807362,Here we go again,Official_WSB
2021-08-23 15:03:50+00:00,1429821690545061890,@jimcramer Give us the tomatoes.,Official_WSB
2021-07-03 00:16:37+00:00,1411116633427529731,There is no wallstreetbets crypto. All other wallstreetbets twitter handles are unaffiliated with the subreddit. The people behind the latest scam token were ejected from our community (by Reddit admins) months ago. They're still tricking people into advertising for them.,Official_WSB
2021-06-18 15:54:23+00:00,1405916813893017600,"@booksbyjason Are your books full of unresearched regurgitation too? Point to where we said ""No GME on WSB"". I'll wait.",Official_WSB
2021-06-17 16:04:47+00:00,1405557043323342849,@NicolaCapra @HCMF_MaceFace How is it banned from the sub when it's 5th place in mentions at the moment you looked? Use your brain please.,Official_WSB
2021-05-04 18:32:31+00:00,1389649154662539266,@WSBDapp @DeItaone Appreciate the offer but Wallstreetbets has no association with any community on telegram.  Fell free to join our discord https://t.co/YIojbgNM3l provided you stop spamming our users with invites with your bots like you've been doing.,Official_WSB
2021-05-04 18:25:21+00:00,1389647350667247620,@SumimotoZ @DeItaone Sorry.  Never heard of her.,Official_WSB
2021-05-04 18:20:25+00:00,1389646111204253697,@DeItaone and I'm telling you thats not us.,Official_WSB
2021-05-04 18:16:42+00:00,1389645172057595905,"@DeItaone No we didn't.  Stop reporting scam
mers.",Official_WSB
2021-03-31 00:52:21+00:00,1377061167852584960,.@jimcramer DM us if you'd like to do that AMA on r/wallstreetbets. https://t.co/D1pf9diFOW,Official_WSB
2021-03-26 18:02:00+00:00,1375508349018537986,https://t.co/dP6ovs7DQI,Official_WSB
2021-03-16 18:00:02+00:00,1371883976386830341,"@CNNBusiness You just interviewed a man removed from /r/wallstreetbets (and not missed) for violating Reddit TOS nearly a year ago who can be quoted as saying ""This would have never happened under my watch"". This seems to be a trend.",Official_WSB
2021-03-16 15:55:16+00:00,1371852575104983050,"@jimcramer Hey Jim, give us your Reddit username and we'll make sure you can post. Same goes for any non-Reddit-using market participants, just DM us here. Reddit karma rules tend to filter out some people whose contributions we'd enjoy.",Official_WSB
2021-03-08 16:12:25+00:00,1368957786743259138,https://t.co/T0QagusQE9,Official_WSB
2021-03-04 16:54:05+00:00,1367518723733671936,https://t.co/Fus5CgFNBs,Official_WSB
2021-03-03 15:20:06+00:00,1367132682212302851,https://t.co/zVbL7dlIjw,Official_WSB
2021-02-26 12:59:53+00:00,1365285458582900736,https://t.co/eJqtwjCamZ,Official_WSB
2021-02-25 20:12:15+00:00,1365031880018571271,https://t.co/iqj09CZGEY,Official_WSB
